<?xml version="1.0"?>
<items>
  <its:rules xmlns:its="http://www.w3.org/2005/11/its" version="1.0">
    <its:translateRule selector="//item/@name" translate="yes"/>
    <its:translateRule selector="//item/@description" translate="yes"/>
    <its:translateRule selector="//item/@effect" translate="yes"/>
    <its:translateRule selector="//*" translate="no"/>
  </its:rules>
  <item id="5129" image="equipment/head/underworld-mask.png" name="Underworld Mask" description="Surely, you don't think I jest." effect="0 Int" attack-range="2" dex="2" agi="2" type="equip-head" defense="5" weight="100">
    <sprite gender="unisex">equipment/head/underworld-mask.xml</sprite>
    <sprite gender="female">equipment/head/underworld-mask-female.xml</sprite>
    <replace sprite="hair">
      <item from="-6" to="-1"/>
      <item from="-7" to="-1"/>
      <item from="-14" to="-1"/>
      <item from="-15" to="-1"/>
      <item from="-16" to="-1"/>
      <item from="-17" to="-1"/>
      <item from="-19" to="-1"/>
    </replace>
  </item>
</items>
