<?xml version="1.0"?>
<items>
  <its:rules xmlns:its="http://www.w3.org/2005/11/its" version="1.0">
    <its:translateRule selector="//item/@name" translate="yes"/>
    <its:translateRule selector="//item/@description" translate="yes"/>
    <its:translateRule selector="//item/@effect" translate="yes"/>
    <its:translateRule selector="//*" translate="no"/>
  </its:rules>
  <item id="5258" image="equipment/head/blinkinghocus.png" name="Mask of Blinking Hocus" description="...Someone took this joke too far." effect="Pink Golem immunity" type="equip-head" weight="400">
    <sprite gender="unisex">equipment/head/blinkinghocus.xml</sprite>
  </item>
</items>
