<?xml version="1.0"?>
<items>
  <its:rules xmlns:its="http://www.w3.org/2005/11/its" version="1.0">
    <its:translateRule selector="//item/@name" translate="yes"/>
    <its:translateRule selector="//item/@description" translate="yes"/>
    <its:translateRule selector="//item/@effect" translate="yes"/>
    <its:translateRule selector="//*" translate="no"/>
  </its:rules>
  <item
		id="5287"
		image="equipment/head/corsairhat.png"
		name="Corsair Hat"
		description="The official Hat of Mana Corsairs (HMC)."
		defense="5"
		mdefense="15"
		criticaldefense="5"
		maxhp="50"
		type="equip-head"
		sellProtected="true"
		weight="20">
		<sprite>equipment/head/corsairhat.xml</sprite>
    <replace sprite="hair">
      <item from="-6" to="-1"/>
    </replace>
  </item>
</items>
