<?xml version="1.0"?>
<items>
  <its:rules xmlns:its="http://www.w3.org/2005/11/its" version="1.0">
    <its:translateRule selector="//item/@name" translate="yes"/>
    <its:translateRule selector="//item/@description" translate="yes"/>
    <its:translateRule selector="//item/@effect" translate="yes"/>
    <its:translateRule selector="//*" translate="no"/>
  </its:rules>
  <item id="759" image="equipment/head/paladin-helm.png" name="Paladin's Helmet" description="Worn only by paladins." type="equip-head" defense="19" weight="43">
    <sprite gender="unisex">equipment/head/paladinhelm.xml</sprite>
    <sprite gender="female">equipment/head/paladinhelm-female.xml</sprite>
    <replace sprite="hair">
      <item to="-1"/>
    </replace>
  </item>
</items>
